dist_razon_social,dist_web,loc_cp,loc_sucursal,loc_prov,loc_partido,loc_region,suc_domicilio,suc_tel,suc_correo,suc_lat,suc_lng,lat_decimal,long_decimal,coord_maps,link_maps,link_como_llegar,source_status
AFA,www.afascl.coop,4195,7 De Abril,Tucuman,Burruyacu,NOA,,,,"26°17'25,80""S","64°30'04,88""O",-26.2905,-64.5013556,"-26.2905,-64.5013556","https://www.google.com/maps/search/?api=1&query=-26.2905,-64.5013556","https://www.google.com/maps/dir/?api=1&destination=-26.2905,-64.5013556",RED_AFA_coordenadas_maps.xlsx
AFA,www.afascl.coop,2717,Acevedo,Buenos Aires,Pergamino,NUCLEO,Ruta Nacional 188 Nº 9999,,afaacevedo@afascl.coop,"33°45'12,73''S","60°26'23,35''O",-33.7535361,-60.4398194,"-33.7535361,-60.4398194","https://www.google.com/maps/search/?api=1&query=-33.7535361,-60.4398194","https://www.google.com/maps/dir/?api=1&destination=-33.7535361,-60.4398194",RED_AFA_coordenadas_maps.xlsx
AFA,www.afascl.coop,5843,Adelia Maria,Cordoba,Rio Cuarto,CENTRO,,,,"33°37'57,44''S","64°01'17,76''O",-33.6326222,-64.0216,"-33.6326222,-64.0216","https://www.google.com/maps/search/?api=1&query=-33.6326222,-64.0216","https://www.google.com/maps/dir/?api=1&destination=-33.6326222,-64.0216",RED_AFA_coordenadas_maps.xlsx
AFA,www.afascl.coop,2117,Alcorta,Santa Fe,Constitucion,NUCLEO,,,lucas_pizzichini_bbl@afascl.com.ar,"33°32'20,23""S","61°07'27,67""O",-33.5389528,-61.1243528,"-33.5389528,-61.1243528","https://www.google.com/maps/search/?api=1&query=-33.5389528,-61.1243528","https://www.google.com/maps/dir/?api=1&destination=-33.5389528,-61.1243528",RED_AFA_coordenadas_maps.xlsx
AFA,www.afascl.coop,2214,Aldao,Santa Fe,San Lorenzo,NUCLEO,,(3476) 48 - 2035,,"32°42'16,71""S","60°48'46,04""O",-32.7046417,-60.8127889,"-32.7046417,-60.8127889","https://www.google.com/maps/search/?api=1&query=-32.7046417,-60.8127889","https://www.google.com/maps/dir/?api=1&destination=-32.7046417,-60.8127889",RED_AFA_coordenadas_maps.xlsx
AFA,www.afascl.coop,2107,Alvarez,Santa Fe,Rosario,NUCLEO,,,,"33°07'54,41""S","60°48'13,94""O",-33.1317806,-60.8038722,"-33.1317806,-60.8038722","https://www.google.com/maps/search/?api=1&query=-33.1317806,-60.8038722","https://www.google.com/maps/dir/?api=1&destination=-33.1317806,-60.8038722",RED_AFA_coordenadas_maps.xlsx
AFA,www.afascl.coop,2303,Angelica,Santa Fe,Castellanos,NUCLEO,zona rural,(3492) 48 - 7720,,"31°33'01,39""S","61°32'44,73""O",-31.5503861,-61.5457583,"-31.5503861,-61.5457583","https://www.google.com/maps/search/?api=1&query=-31.5503861,-61.5457583","https://www.google.com/maps/dir/?api=1&destination=-31.5503861,-61.5457583",RED_AFA_coordenadas_maps.xlsx
AFA,www.afascl.coop,2183,Arequito,Santa Fe,Caseros,NUCLEO,,03464-471299,daniel_gorandi_csd@afascl.coop,"33°08'41,09""S","61°28'10,35""O",-33.1447472,-61.4695417,"-33.1447472,-61.4695417","https://www.google.com/maps/search/?api=1&query=-33.1447472,-61.4695417","https://www.google.com/maps/dir/?api=1&destination=-33.1447472,-61.4695417",RED_AFA_coordenadas_maps.xlsx
AFA,www.afascl.coop,2508,Armstrong,Santa Fe,Belgrano,NUCLEO,,03471- 490342/343,carlospontoni_cdg@afascl.coop; mjuan_cdg@afascl.coop,"32°46'58,68""S","61°36'14,61""O",-32.7829667,-61.6040583,"-32.7829667,-61.6040583","https://www.google.com/maps/search/?api=1&query=-32.7829667,-61.6040583","https://www.google.com/maps/dir/?api=1&destination=-32.7829667,-61.6040583",RED_AFA_coordenadas_maps.xlsx
AFA,www.afascl.coop,2740,Arrecifes,Buenos Aires,Arrecifes,NUCLEO,Ruta 8 Km 182 Est. Todd,Oficina 02478-492286/287 | Planta 02478-49167,afaarrecifes@afascl.coop; leonel_paladini_arr@afascl.coop,"34°03'46,02´´S","60°06'09,76''O",-34.0627833,-60.1027111,"-34.0627833,-60.1027111","https://www.google.com/maps/search/?api=1&query=-34.0627833,-60.1027111","https://www.google.com/maps/dir/?api=1&destination=-34.0627833,-60.1027111",RED_AFA_coordenadas_maps.xlsx
AFA,www.afascl.coop,2743,Arroyo Dulce,Buenos Aires,Salto,NUCLEO,av F. Blanco s/n,02477 491669,,"34°06'04,92''S","60°24'32,05''O",-34.1013667,-60.4089028,"-34.1013667,-60.4089028","https://www.google.com/maps/search/?api=1&query=-34.1013667,-60.4089028","https://www.google.com/maps/dir/?api=1&destination=-34.1013667,-60.4089028",RED_AFA_coordenadas_maps.xlsx
AFA,www.afascl.coop,2187,Arteaga,Santa Fe,Caseros,NUCLEO,Bv. Rogelio Nardi 32 bis,Oficina 03467-450304/228/505 | Planta 03467-450231/433,afaarteaga@afascl.coop; jbracco_art@afascl.coop,"33°05'25,48""S","61°47'29,30""O",-33.0904111,-61.7914722,"-33.0904111,-61.7914722","https://www.google.com/maps/search/?api=1&query=-33.0904111,-61.7914722","https://www.google.com/maps/dir/?api=1&destination=-33.0904111,-61.7914722",RED_AFA_coordenadas_maps.xlsx
AFA,www.afascl.coop,6003,Ascension,Buenos Aires,General Arenales,NUCLEO,RUTA 45 S/N°,,,"34°14'07,37''S","61°06'17,58''O",-34.2353806,-61.1048833,"-34.2353806,-61.1048833","https://www.google.com/maps/search/?api=1&query=-34.2353806,-61.1048833","https://www.google.com/maps/dir/?api=1&destination=-34.2353806,-61.1048833",RED_AFA_coordenadas_maps.xlsx
AFA,www.afascl.coop,5141,Balnearia,Cordoba,San Justo,CENTRO,,,,"31°00'46,09''S","62°39'56,61''O",-31.0128028,-62.665725,"-31.0128028,-62.665725","https://www.google.com/maps/search/?api=1&query=-31.0128028,-62.665725","https://www.google.com/maps/dir/?api=1&destination=-31.0128028,-62.665725",RED_AFA_coordenadas_maps.xlsx
AFA,www.afascl.coop,3170,Basavilbaso,Entre Rios,Uruguay,NUCLEO,,,,"32°22'07,62""S","58°52'29,84""O",-32.3687833,-58.8749556,"-32.3687833,-58.8749556","https://www.google.com/maps/search/?api=1&query=-32.3687833,-58.8749556","https://www.google.com/maps/dir/?api=1&destination=-32.3687833,-58.8749556",RED_AFA_coordenadas_maps.xlsx
AFA,www.afascl.coop,2550,Bell Ville,Cordoba,Union,CENTRO,,,,"32°37'49,83''S","62°41'19,88''O",-32.6305083,-62.6888556,"-32.6305083,-62.6888556","https://www.google.com/maps/search/?api=1&query=-32.6305083,-62.6888556","https://www.google.com/maps/dir/?api=1&destination=-32.6305083,-62.6888556",RED_AFA_coordenadas_maps.xlsx
AFA,www.afascl.coop,2177,Bigand,Santa Fe,Caseros,NUCLEO,Ruta Prov Nº 14 Km 62,Oficina 03464-461284/900/058 | Planta 03464-460070,afabigand@afascl.coop; jgrassi_bgn@afascl.coop; gtettamanti_bgn@afascl.coop,"33°22'20,54""S","61°11'07,06""O",-33.3723722,-61.1852944,"-33.3723722,-61.1852944","https://www.google.com/maps/search/?api=1&query=-33.3723722,-61.1852944","https://www.google.com/maps/dir/?api=1&destination=-33.3723722,-61.1852944",RED_AFA_coordenadas_maps.xlsx
AFA,www.afascl.coop,2179,Bombal,Santa Fe,Constitucion,NUCLEO,Juan de Garay 301,Oficina 03465-497019/584/833 | Planta 03465-497021,afabombal@afascl.coop; luciano_dituro_bbl@afascl.coop,"33°27'25,17""S","61°19'08,54""O",-33.4569917,-61.3190389,"-33.4569917,-61.3190389","https://www.google.com/maps/search/?api=1&query=-33.4569917,-61.3190389","https://www.google.com/maps/dir/?api=1&destination=-33.4569917,-61.3190389",RED_AFA_coordenadas_maps.xlsx
AFA,www.afascl.coop,2523,Bouquet,Santa Fe,Belgrano,NUCLEO,,,,"32°25'26,79""S","61°53'20,72""O",-32.4241083,-61.8890889,"-32.4241083,-61.8890889","https://www.google.com/maps/search/?api=1&query=-32.4241083,-61.8890889","https://www.google.com/maps/dir/?api=1&destination=-32.4241083,-61.8890889",RED_AFA_coordenadas_maps.xlsx
AFA,www.afascl.coop,6640,Bragado,Buenos Aires,Bragado,NUCLEO,,,,"35°06'55,71''S","60°29'23,79''O",-35.115475,-60.4899417,"-35.115475,-60.4899417","https://www.google.com/maps/search/?api=1&query=-35.115475,-60.4899417","https://www.google.com/maps/dir/?api=1&destination=-35.115475,-60.4899417",RED_AFA_coordenadas_maps.xlsx
AFA,www.afascl.coop,5969,Calchin,Cordoba,Rio Segundo,CENTRO,,,ptorres_mca@afascl.coop,"31°40'03,59''S","63°11'59,81''O",-31.6676639,-63.1999472,"-31.6676639,-63.1999472","https://www.google.com/maps/search/?api=1&query=-31.6676639,-63.1999472","https://www.google.com/maps/dir/?api=1&destination=-31.6676639,-63.1999472",RED_AFA_coordenadas_maps.xlsx
AFA,www.afascl.coop,2500,Cañada De Gomez,Santa Fe,Iriondo,NUCLEO,San Martín 968,Oficina 03471-422117/086/428857 | Planta 03471-423313/425921,afacgomez@afascl.coop; sergiochiarotti_cdg@afascl.coop; ftorres_cdg@afascl.coop,"32°49'16,18""S","61°23'43,34""O",-32.8211611,-61.3953722,"-32.8211611,-61.3953722","https://www.google.com/maps/search/?api=1&query=-32.8211611,-61.3953722","https://www.google.com/maps/dir/?api=1&destination=-32.8211611,-61.3953722",RED_AFA_coordenadas_maps.xlsx
AFA,www.afascl.coop,2105,Cañada Rica,Santa Fe,Constitucion,NUCLEO,13 De Junio 586,03460-499031,danielcortasa_jbm@afascl.coop,"33°30'55,10""S","60°36'46,29""O",-33.5153056,-60.6128583,"-33.5153056,-60.6128583","https://www.google.com/maps/search/?api=1&query=-33.5153056,-60.6128583","https://www.google.com/maps/dir/?api=1&destination=-33.5153056,-60.6128583",RED_AFA_coordenadas_maps.xlsx
AFA,www.afascl.coop,2454,Cañada Rosquin,Santa Fe,San Martin,NUCLEO,Malvinas Argentinas 701,Oficina 03401-470293/360/405 | Planta 03401-494029,afacrosquin@afascl.coop; eduardo_galetto_crq@afascl.coop; maria_passerini_crq@afascl.coop; ezequiel_vergara_crq@afascl.coop,"32°03'11,20""S","61°36'07,94""O",-32.0531111,-61.6022056,"-32.0531111,-61.6022056","https://www.google.com/maps/search/?api=1&query=-32.0531111,-61.6022056","https://www.google.com/maps/dir/?api=1&destination=-32.0531111,-61.6022056",RED_AFA_coordenadas_maps.xlsx
AFA,www.afascl.coop,2752,Capitan Sarmiento,Buenos Aires,Capitan Sarmiento,NUCLEO,,,,"34°10'16,27''S","59°47'37,29''O",-34.1711861,-59.7936917,"-34.1711861,-59.7936917","https://www.google.com/maps/search/?api=1&query=-34.1711861,-59.7936917","https://www.google.com/maps/dir/?api=1&destination=-34.1711861,-59.7936917",RED_AFA_coordenadas_maps.xlsx
AFA,www.afascl.coop,2138,Carcaraña,Santa Fe,San Lorenzo,NUCLEO,,03476-494250,gonzalosieber_stg@afascl.coop,"32°51'26,03""S","61°09'28,27""O",-32.8572306,-61.1578528,"-32.8572306,-61.1578528","https://www.google.com/maps/search/?api=1&query=-32.8572306,-61.1578528","https://www.google.com/maps/dir/?api=1&destination=-32.8572306,-61.1578528",RED_AFA_coordenadas_maps.xlsx
AFA,www.afascl.coop,2109,Carmen Del Sauce,Santa Fe,Rosario,NUCLEO,,,,"33°14'14,92""S","60°48'41,63""O",-33.2374778,-60.8115639,"-33.2374778,-60.8115639","https://www.google.com/maps/search/?api=1&query=-33.2374778,-60.8115639","https://www.google.com/maps/dir/?api=1&destination=-33.2374778,-60.8115639",RED_AFA_coordenadas_maps.xlsx
AFA,www.afascl.coop,5915,Carrilobo,Cordoba,Rio Segundo,CENTRO,Av Gral Mitre 498,(353) 489 - 4488,,"31°52'11,11''S","63°06'56,57''O",-31.8697528,-63.1157139,"-31.8697528,-63.1157139","https://www.google.com/maps/search/?api=1&query=-31.8697528,-63.1157139","https://www.google.com/maps/dir/?api=1&destination=-31.8697528,-63.1157139",RED_AFA_coordenadas_maps.xlsx
AFA,www.afascl.coop,2218,Carrizales,Santa Fe,Iriondo,NUCLEO,,,,"32°30'28,53""S","61°01'55,50""O",-32.507925,-61.0320833,"-32.507925,-61.0320833","https://www.google.com/maps/search/?api=1&query=-32.507925,-61.0320833","https://www.google.com/maps/dir/?api=1&destination=-32.507925,-61.0320833",RED_AFA_coordenadas_maps.xlsx
AFA,www.afascl.coop,2170,Casilda,Santa Fe,Caseros,NUCLEO,Bv.Colón 1031- Ruta 33,Oficina 03464-422424/3242/7434 | Planta 03464-422684/494318,afacasilda@afascl.coop; oscar_zucco_csd@afascl.coop; fcimadomo_csd@afascl.coop; s_bartoluzzi_csd@afascl.coop,"33°02'40,19""S","61°09'54,05""O",-33.0444972,-61.1650139,"-33.0444972,-61.1650139","https://www.google.com/maps/search/?api=1&query=-33.0444972,-61.1650139","https://www.google.com/maps/dir/?api=1&destination=-33.0444972,-61.1650139",RED_AFA_coordenadas_maps.xlsx
AFA,www.afascl.coop,2625,Cavanagh,Cordoba,Marcos Juarez,NUCLEO,,,,"33°28'33,12''S","62°20'19,33''O",-33.4758667,-62.3387028,"-33.4758667,-62.3387028","https://www.google.com/maps/search/?api=1&query=-33.4758667,-62.3387028","https://www.google.com/maps/dir/?api=1&destination=-33.4758667,-62.3387028",RED_AFA_coordenadas_maps.xlsx
AFA,www.afascl.coop,3122,Colonia Cerrito,Entre Rios,Parana,CENTRO,,0343-4891270,mceparo_srd@afascl.coop,"31°34'47,91""S","60°04'32,79""O",-31.579975,-60.075775,"-31.579975,-60.075775","https://www.google.com/maps/search/?api=1&query=-31.579975,-60.075775","https://www.google.com/maps/dir/?api=1&destination=-31.579975,-60.075775",RED_AFA_coordenadas_maps.xlsx
AFA,www.afascl.coop,2173,Chabas,Santa Fe,Caseros,NUCLEO,,,,"33°14'45,79""S","61°21'25,43""O",-33.2460528,-61.3570639,"-33.2460528,-61.3570639","https://www.google.com/maps/search/?api=1&query=-33.2460528,-61.3570639","https://www.google.com/maps/dir/?api=1&destination=-33.2460528,-61.3570639",RED_AFA_coordenadas_maps.xlsx
AFA,www.afascl.coop,2643,Chañar Ladeado,Santa Fe,Caseros,NUCLEO,,03468-482380,eprimon_art@afascl.coop,"33°19'28,00""S","62°02'27,37""O",-33.3244444,-62.0409361,"-33.3244444,-62.0409361","https://www.google.com/maps/search/?api=1&query=-33.3244444,-62.0409361","https://www.google.com/maps/dir/?api=1&destination=-33.3244444,-62.0409361",RED_AFA_coordenadas_maps.xlsx
AFA,www.afascl.coop,3730,Charata,Chaco,Chacabuco,NEA,,03731-427070,leo_charata_crq@afascl.coop,"27°13'04,76''S","61°11'14,50''O",-27.2179889,-61.1873611,"-27.2179889,-61.1873611","https://www.google.com/maps/search/?api=1&query=-27.2179889,-61.1873611","https://www.google.com/maps/dir/?api=1&destination=-27.2179889,-61.1873611",RED_AFA_coordenadas_maps.xlsx
AFA,www.afascl.coop,2633,Chovet,Santa Fe,General Lopez,NUCLEO,Estanislao López 464,03465-493275/3226/160,afachovet@afascl.coop; ingmolina_chv@afascl.coop; eambrogio_chv@afascl.coop,"33°36'01,16""S","61°36'28,61""O",-33.6003222,-61.6079472,"-33.6003222,-61.6079472","https://www.google.com/maps/search/?api=1&query=-33.6003222,-61.6079472","https://www.google.com/maps/dir/?api=1&destination=-33.6003222,-61.6079472",RED_AFA_coordenadas_maps.xlsx
AFA,www.afascl.coop,2559,Cintra,Cordoba,Union,CENTRO,,,,"32°18'25,25''S","62°39'04,45''O",-32.3070139,-62.6512361,"-32.3070139,-62.6512361","https://www.google.com/maps/search/?api=1&query=-32.3070139,-62.6512361","https://www.google.com/maps/dir/?api=1&destination=-32.3070139,-62.6512361",RED_AFA_coordenadas_maps.xlsx
AFA,www.afascl.coop,2407,Clucellas,Santa Fe,Castellanos,NUCLEO,,,,"31°27'05,86""S","61°42'24,06""O",-31.4516278,-61.7066833,"-31.4516278,-61.7066833","https://www.google.com/maps/search/?api=1&query=-31.4516278,-61.7066833","https://www.google.com/maps/dir/?api=1&destination=-31.4516278,-61.7066833",RED_AFA_coordenadas_maps.xlsx
AFA,www.afascl.coop,2257,Colonia Belgrano,Santa Fe,San Martin,NUCLEO,,,,"31°54'34,70""S","61°24'07,44""O",-31.9096389,-61.4020667,"-31.9096389,-61.4020667","https://www.google.com/maps/search/?api=1&query=-31.9096389,-61.4020667","https://www.google.com/maps/dir/?api=1&destination=-31.9096389,-61.4020667",RED_AFA_coordenadas_maps.xlsx
AFA,www.afascl.coop,2144,Colonia Medici,Santa Fe,Iriondo,NUCLEO,,,,"32°38'12,60""S","61°22'26,27""O",-32.6368333,-61.3739639,"-32.6368333,-61.3739639","https://www.google.com/maps/search/?api=1&query=-32.6368333,-61.3739639","https://www.google.com/maps/dir/?api=1&destination=-32.6368333,-61.3739639",RED_AFA_coordenadas_maps.xlsx
AFA,www.afascl.coop,2123,Coronel Arnold,Santa Fe,San Lorenzo,NUCLEO,Calle 2 S/N,(341) 490 - 2397,,"33°06'21,33""S","60°57'57,79""O",-33.105925,-60.9660528,"-33.105925,-60.9660528","https://www.google.com/maps/search/?api=1&query=-33.105925,-60.9660528","https://www.google.com/maps/dir/?api=1&destination=-33.105925,-60.9660528",RED_AFA_coordenadas_maps.xlsx
AFA,www.afascl.coop,3116,Crespo,Entre Rios,Parana,NUCLEO,,0343-156200226,jtaborda_srd@afascl.coop,"32°01'51,20""S","60°18'25,86""O",-32.0308889,-60.3071833,"-32.0308889,-60.3071833","https://www.google.com/maps/search/?api=1&query=-32.0308889,-60.3071833","https://www.google.com/maps/dir/?api=1&destination=-32.0308889,-60.3071833",RED_AFA_coordenadas_maps.xlsx
AFA,www.afascl.coop,3061,Cuatro Bocas,Santiago Del Estero,Belgrano,CENTRO,,,,"28°51'46,92""S","61°51'23,77""O",-28.8630333,-61.8566028,"-28.8630333,-61.8566028","https://www.google.com/maps/search/?api=1&query=-28.8630333,-61.8566028","https://www.google.com/maps/dir/?api=1&destination=-28.8630333,-61.8566028",RED_AFA_coordenadas_maps.xlsx
AFA,www.afascl.coop,2715,El Socorro,Buenos Aires,Pergamino,NUCLEO,,,,"33°39'49,35''S","60°42'31,24''O",-33.6637083,-60.7086778,"-33.6637083,-60.7086778","https://www.google.com/maps/search/?api=1&query=-33.6637083,-60.7086778","https://www.google.com/maps/dir/?api=1&destination=-33.6637083,-60.7086778",RED_AFA_coordenadas_maps.xlsx
AFA,www.afascl.coop,2432,El Tio,Cordoba,San Justo,CENTRO,,,,"31°23'04,30''S","62°49'42,43''O",-31.3845278,-62.8284528,"-31.3845278,-62.8284528","https://www.google.com/maps/search/?api=1&query=-31.3845278,-62.8284528","https://www.google.com/maps/dir/?api=1&destination=-31.3845278,-62.8284528",RED_AFA_coordenadas_maps.xlsx
AFA,www.afascl.coop,3087,Felicia,Santa Fe,Las Colonias,NUCLEO,,,ccanepa_hmb@afascl.coop,"31°14'43,35""S","61°12'50,87""O",-31.245375,-61.2141306,"-31.245375,-61.2141306","https://www.google.com/maps/search/?api=1&query=-31.245375,-61.2141306","https://www.google.com/maps/dir/?api=1&destination=-31.245375,-61.2141306",RED_AFA_coordenadas_maps.xlsx
AFA,www.afascl.coop,6003,Ferre,Buenos Aires,General Arenales,NUCLEO,Av Corrientes S/N,02353 498186,luis_crosetti_rjs@afascl.coop,"34°07'22,14''S","61°08'00,68''O",-34.1228167,-61.1335222,"-34.1228167,-61.1335222","https://www.google.com/maps/search/?api=1&query=-34.1228167,-61.1335222","https://www.google.com/maps/dir/?api=1&destination=-34.1228167,-61.1335222",RED_AFA_coordenadas_maps.xlsx
AFA,www.afascl.coop,2630,Firmat,Santa Fe,General Lopez,NUCLEO,Camino Público entre Ruta Provincial 14 y Firmat,Oficina 03465-423025/424708/423783 | Planta 03465-423612/890/421758,afafirmat@afascl.coop; robertoromero_frm@afascl.coop; davidgiuliani_frm@afascl.coop,"33°27'30,17""S","61°29'10,52""O",-33.4583806,-61.4862556,"-33.4583806,-61.4862556","https://www.google.com/maps/search/?api=1&query=-33.4583806,-61.4862556","https://www.google.com/maps/dir/?api=1&destination=-33.4583806,-61.4862556",RED_AFA_coordenadas_maps.xlsx
AFA,www.afascl.coop,2123,Fuentes,Santa Fe,San Lorenzo,NUCLEO,Ruta S 26 Km 624,03464-493522,d_vitelli_csd@afascl.coop,"33°10'21,27""S","61°04'23,75""O",-33.172575,-61.0732639,"-33.172575,-61.0732639","https://www.google.com/maps/search/?api=1&query=-33.172575,-61.0732639","https://www.google.com/maps/dir/?api=1&destination=-33.172575,-61.0732639",RED_AFA_coordenadas_maps.xlsx
AFA,www.afascl.coop,2252,Galvez,Santa Fe,San Jeronimo,NUCLEO,,03404-517878,mbertaina_sme@afascl.coop,"32°01'45,40""S","61°13'27,91""O",-32.0292778,-61.2244194,"-32.0292778,-61.2244194","https://www.google.com/maps/search/?api=1&query=-32.0292778,-61.2244194","https://www.google.com/maps/dir/?api=1&destination=-32.0292778,-61.2244194",RED_AFA_coordenadas_maps.xlsx
AFA,www.afascl.coop,2592,General Roca,Cordoba,Marcos Juarez,NUCLEO,,,,"32°43'46,67''S","61°54'57,54''O",-32.7296306,-61.9159833,"-32.7296306,-61.9159833","https://www.google.com/maps/search/?api=1&query=-32.7296306,-61.9159833","https://www.google.com/maps/dir/?api=1&destination=-32.7296306,-61.9159833",RED_AFA_coordenadas_maps.xlsx
AFA,www.afascl.coop,2905,General Rojo,Buenos Aires,San Nicolas,NUCLEO,,,,"33°28 '26,64''S","60°17'17,27''O",-33.4740667,-60.2881306,"-33.4740667,-60.2881306","https://www.google.com/maps/search/?api=1&query=-33.4740667,-60.2881306","https://www.google.com/maps/dir/?api=1&destination=-33.4740667,-60.2881306",RED_AFA_coordenadas_maps.xlsx
AFA,www.afascl.coop,6230,General Villegas,Buenos Aires,General Villegas,OESTE,,,,"35°01'57,50''S","63°00'53,43''O",-35.0326389,-63.0148417,"-35.0326389,-63.0148417","https://www.google.com/maps/search/?api=1&query=-35.0326389,-63.0148417","https://www.google.com/maps/dir/?api=1&destination=-35.0326389,-63.0148417",RED_AFA_coordenadas_maps.xlsx
AFA,www.afascl.coop,2640,Godeken,Santa Fe,Caseros,NUCLEO,,03465-498067,ricardomiranda_frm@afascl.coop,"33°24'07,48""S","61°50'39,25""O",-33.4020778,-61.8442361,"-33.4020778,-61.8442361","https://www.google.com/maps/search/?api=1&query=-33.4020778,-61.8442361","https://www.google.com/maps/dir/?api=1&destination=-33.4020778,-61.8442361",RED_AFA_coordenadas_maps.xlsx
AFA,www.afascl.coop,2840,Gualeguay,Entre Rios,Gualeguay,NUCLEO,Ruta 11 km 217,,joaquinramos_stg@afascl.coop; jpferrando_stg@afascl.coop,"33°09'03,43""S","59°18'39,26""O",-33.1509528,-59.3109056,"-33.1509528,-59.3109056","https://www.google.com/maps/search/?api=1&query=-33.1509528,-59.3109056","https://www.google.com/maps/dir/?api=1&destination=-33.1509528,-59.3109056",RED_AFA_coordenadas_maps.xlsx
AFA,www.afascl.coop,2627,Guatimozin,Cordoba,Marcos Juarez,NUCLEO,,,,"33°27'48,96''S","62°26'19,62''O",-33.4636,-62.4387833,"-33.4636,-62.4387833","https://www.google.com/maps/search/?api=1&query=-33.4636,-62.4387833","https://www.google.com/maps/dir/?api=1&destination=-33.4636,-62.4387833",RED_AFA_coordenadas_maps.xlsx
AFA,www.afascl.coop,2309,Humberto Primo,Santa Fe,Castellanos,NUCLEO,,03496-480474,guillermoberrone_hmb@afascl.coop,"30°52'04,49""S","61°21'01,89""O",-30.8679139,-61.350525,"-30.8679139,-61.350525","https://www.google.com/maps/search/?api=1&query=-30.8679139,-61.350525","https://www.google.com/maps/dir/?api=1&destination=-30.8679139,-61.350525",RED_AFA_coordenadas_maps.xlsx
AFA,www.afascl.coop,3081,Humboldt,Santa Fe,Las Colonias,NUCLEO,San Martín 1887,Oficina 03496-480128/555/273 | Planta 03496-480715,afahumboldt@afascl.coop; ingenieros_hmb@afascl.coop; guillermogianinetto_hmb@afascl.coop; mmeyer_hmb@afascl.coop,"31°23'56,52""S","61°04'54,81""O",-31.3990333,-61.0818917,"-31.3990333,-61.0818917","https://www.google.com/maps/search/?api=1&query=-31.3990333,-61.0818917","https://www.google.com/maps/dir/?api=1&destination=-31.3990333,-61.0818917",RED_AFA_coordenadas_maps.xlsx
AFA,www.afascl.coop,2707,Hunter,Buenos Aires,Rojas,NUCLEO,,,,"34°14'51,35''S","60°31'56,94''O",-34.2475972,-60.5324833,"-34.2475972,-60.5324833","https://www.google.com/maps/search/?api=1&query=-34.2475972,-60.5324833","https://www.google.com/maps/dir/?api=1&destination=-34.2475972,-60.5324833",RED_AFA_coordenadas_maps.xlsx
AFA,www.afascl.coop,2747,Ines Indart,Buenos Aires,Salto,NUCLEO,Roca S/N,(2474) 49 - 8044,,"34°23'51,05''S","60°32'32,01''O",-34.3975139,-60.542225,"-34.3975139,-60.542225","https://www.google.com/maps/search/?api=1&query=-34.3975139,-60.542225","https://www.google.com/maps/dir/?api=1&destination=-34.3975139,-60.542225",RED_AFA_coordenadas_maps.xlsx
AFA,www.afascl.coop,5220,Jesus Maria,Cordoba,Colon,CENTRO,P Frías 737 PB,(03525) 42 - 2512,,"30°58'53,59''S","64°05'44,88''O",-30.9815528,-64.0958,"-30.9815528,-64.0958","https://www.google.com/maps/search/?api=1&query=-30.9815528,-64.0958","https://www.google.com/maps/dir/?api=1&destination=-30.9815528,-64.0958",RED_AFA_coordenadas_maps.xlsx
AFA,www.afascl.coop,6127,Jovita,Cordoba,General Roca,OESTE,Av B Rivadavia 234,(03385) 49 - 8359,,"34°31'10,36''S","63°56'41,12''O",-34.5195444,-63.9447556,"-34.5195444,-63.9447556","https://www.google.com/maps/search/?api=1&query=-34.5195444,-63.9447556","https://www.google.com/maps/dir/?api=1&destination=-34.5195444,-63.9447556",RED_AFA_coordenadas_maps.xlsx
AFA,www.afascl.coop,2103,Juan Bautista Molina,Santa Fe,Constitucion,NUCLEO,San Martín 115,Oficina 03460-498308/208 | Planta 498294/471,afajbmolina@afascl.coop; eduardo_cortina_jbm@afascl.coop,"33°29'42,82""S","60°30'44,17""O",-33.4952278,-60.5122694,"-33.4952278,-60.5122694","https://www.google.com/maps/search/?api=1&query=-33.4952278,-60.5122694","https://www.google.com/maps/dir/?api=1&destination=-33.4952278,-60.5122694",RED_AFA_coordenadas_maps.xlsx
AFA,www.afascl.coop,6000,Junin,Buenos Aires,Junin,NUCLEO,Iberlucea 1102,02362-425814,afajunin@afascl.coop; afajunin@afascl.coop,"34°35'18,78''S","60°56'58,39''O",-34.58855,-60.9495528,"-34.58855,-60.9495528","https://www.google.com/maps/search/?api=1&query=-34.58855,-60.9495528","https://www.google.com/maps/dir/?api=1&destination=-34.58855,-60.9495528",RED_AFA_coordenadas_maps.xlsx
AFA,www.afascl.coop,5738,Justo Daract,San Luis,General Pedernera,CENTRO,,,gabrielnafissi_frm@afascl.coop,"33°51'29,59""S","65°10'46,16""O",-33.8582194,-65.1794889,"-33.8582194,-65.1794889","https://www.google.com/maps/search/?api=1&query=-33.8582194,-65.1794889","https://www.google.com/maps/dir/?api=1&destination=-33.8582194,-65.1794889",RED_AFA_coordenadas_maps.xlsx
AFA,www.afascl.coop,5137,La Para,Cordoba,Rio Primero,CENTRO,,,,"30°53'32,51''S","62°59'58,64''O",-30.8923639,-62.9996222,"-30.8923639,-62.9996222","https://www.google.com/maps/search/?api=1&query=-30.8923639,-62.9996222","https://www.google.com/maps/dir/?api=1&destination=-30.8923639,-62.9996222",RED_AFA_coordenadas_maps.xlsx
AFA,www.afascl.coop,2133,La Vanguardia,Santa Fe,Constitucion,NUCLEO,,,,"33°21'27,06""S","60°39'24,13""O",-33.3575167,-60.6567028,"-33.3575167,-60.6567028","https://www.google.com/maps/search/?api=1&query=-33.3575167,-60.6567028","https://www.google.com/maps/dir/?api=1&destination=-33.3575167,-60.6567028",RED_AFA_coordenadas_maps.xlsx
AFA,www.afascl.coop,2657,Laborde,Cordoba,Union,NUCLEO,,,,"33°09'08,04´´S","62°51'21,89''O",-33.1522333,-62.8560806,"-33.1522333,-62.8560806","https://www.google.com/maps/search/?api=1&query=-33.1522333,-62.8560806","https://www.google.com/maps/dir/?api=1&destination=-33.1522333,-62.8560806",RED_AFA_coordenadas_maps.xlsx
AFA,www.afascl.coop,2726,Labordeboy,Santa Fe,General Lopez,NUCLEO,,(3465) 49 - 5438,psclauzero_frm@afascl.coop,"33°43'01,25""S","61°18'57,29""O",-33.7170139,-61.3159139,"-33.7170139,-61.3159139","https://www.google.com/maps/search/?api=1&query=-33.7170139,-61.3159139","https://www.google.com/maps/dir/?api=1&destination=-33.7170139,-61.3159139",RED_AFA_coordenadas_maps.xlsx
AFA,www.afascl.coop,2505,Las Parejas,Santa Fe,Belgrano,NUCLEO,,,,"32°40'52,85""S","61°31'35,21""O",-32.6813472,-61.5264472,"-32.6813472,-61.5264472","https://www.google.com/maps/search/?api=1&query=-32.6813472,-61.5264472","https://www.google.com/maps/dir/?api=1&destination=-32.6813472,-61.5264472",RED_AFA_coordenadas_maps.xlsx
AFA,www.afascl.coop,2520,Las Rosas,Santa Fe,Belgrano,NUCLEO,Sarmiento 822,Oficina 03471-451540/664/452836 | Planta 03471-451048/453406,afalasrosas@afascl.coop; omarlombardo_lrs@afascl.coop; silviapirles_lrs@afascl.coop,"32°28'30,51""S","61°34'35,98""O",-32.4751417,-61.5766611,"-32.4751417,-61.5766611","https://www.google.com/maps/search/?api=1&query=-32.4751417,-61.5766611","https://www.google.com/maps/dir/?api=1&destination=-32.4751417,-61.5766611",RED_AFA_coordenadas_maps.xlsx
AFA,www.afascl.coop,5940,Las Varillas,Cordoba,San Justo,CENTRO,,,,"31°52'13,85''S","62°43'11,85''O",-31.8705139,-62.7199583,"-31.8705139,-62.7199583","https://www.google.com/maps/search/?api=1&query=-31.8705139,-62.7199583","https://www.google.com/maps/dir/?api=1&destination=-31.8705139,-62.7199583",RED_AFA_coordenadas_maps.xlsx
AFA,www.afascl.coop,6070,Lincoln,Buenos Aires,Lincoln,NUCLEO,Hna Fioreta 1148,02355-421231,adrian_balsa_pgm@afascl.coop; marceloboldrini_pgm@afascl.coop,"34°52'06,42''S","61°31'44,73''O",-34.86845,-61.5290917,"-34.86845,-61.5290917","https://www.google.com/maps/search/?api=1&query=-34.86845,-61.5290917","https://www.google.com/maps/dir/?api=1&destination=-34.86845,-61.5290917",RED_AFA_coordenadas_maps.xlsx
AFA,www.afascl.coop,2533,Los Cardos,Santa Fe,San Martin,NUCLEO,Santa Fe 555,03401-497034/116/118/264,afaloscardos@afascl.coop; raul_tuninetti_lcd@afascl.coop; juan_recanatessi_lcd@afascl.coop,"32°19'30,00""S","61°37'57,57""O",-32.325,-61.6326583,"-32.325,-61.6326583","https://www.google.com/maps/search/?api=1&query=-32.325,-61.6326583","https://www.google.com/maps/dir/?api=1&destination=-32.325,-61.6326583",RED_AFA_coordenadas_maps.xlsx
AFA,www.afascl.coop,2709,Los Indios,Buenos Aires,Rojas,NUCLEO,,,,"34°22'16,56''S","60°39'11,57''O",-34.3712667,-60.6532139,"-34.3712667,-60.6532139","https://www.google.com/maps/search/?api=1&query=-34.3712667,-60.6532139","https://www.google.com/maps/dir/?api=1&destination=-34.3712667,-60.6532139",RED_AFA_coordenadas_maps.xlsx
AFA,www.afascl.coop,2183,Los Nogales,Santa Fe,Caseros,NUCLEO,,,,"33°08'27,58""S","61°36'20,75""O",-33.1409944,-61.6057639,"-33.1409944,-61.6057639","https://www.google.com/maps/search/?api=1&query=-33.1409944,-61.6057639","https://www.google.com/maps/dir/?api=1&destination=-33.1409944,-61.6057639",RED_AFA_coordenadas_maps.xlsx
AFA,www.afascl.coop,2142,Lucio V. Lopez,Santa Fe,Iriondo,NUCLEO,,,,"32°42'48,93""S","61°01'14,08""O",-32.7135917,-61.0205778,"-32.7135917,-61.0205778","https://www.google.com/maps/search/?api=1&query=-32.7135917,-61.0205778","https://www.google.com/maps/dir/?api=1&destination=-32.7135917,-61.0205778",RED_AFA_coordenadas_maps.xlsx
AFA,www.afascl.coop,2208,Maciel,Santa Fe,San Jeronimo,NUCLEO,Bv Sarmiento 108,03476-470298/238/278/308,afamaciel@afascl.coop; paolar_mcl@afascl.coop; pabloremorini_mcl@afascl.coop; leandromenapace_mcl@afascl.coop,"32°27'24,12""S","60°53'15,72""O",-32.4567,-60.8877,"-32.4567,-60.8877","https://www.google.com/maps/search/?api=1&query=-32.4567,-60.8877","https://www.google.com/maps/dir/?api=1&destination=-32.4567,-60.8877",RED_AFA_coordenadas_maps.xlsx
AFA,www.afascl.coop,2622,Maggiolo,Santa Fe,General Lopez,NUCLEO,Av. Sarmiento 299,Oficina 03462-492055/054/157/210 | Planta 03462-492090/073,afatotoras@afascl.coop; javiervacante_mgg@afascl.coop,"33°43'27,81""S","62°14'48,21""O",-33.7243917,-62.246725,"-33.7243917,-62.246725","https://www.google.com/maps/search/?api=1&query=-33.7243917,-62.246725","https://www.google.com/maps/dir/?api=1&destination=-33.7243917,-62.246725",RED_AFA_coordenadas_maps.xlsx
AFA,www.afascl.coop,2119,Maizalez,Santa Fe,San Lorenzo,NUCLEO,,03464-461284 (Int. 121),gpettinari_bgn@afascl.coop,"33°19'6,77""S","60°57'48,66""O",-33.3185472,-60.9635167,"-33.3185472,-60.9635167","https://www.google.com/maps/search/?api=1&query=-33.3185472,-60.9635167","https://www.google.com/maps/dir/?api=1&destination=-33.3185472,-60.9635167",RED_AFA_coordenadas_maps.xlsx
AFA,www.afascl.coop,2580,Marcos Juarez,Cordoba,Marcos Juarez,NUCLEO,Ruta 9 Km 446,Oficina 03472-426786/457185/424063 | Planta 03472-426010,afamjuarez@afascl.coop; jdalessandro_mcz@afascl.coop; pbollatti_mcz@afascl.coop; jpcolomba_mcz@afascl.coop,"32°41'52,28''S","62°06'20,87''O",-32.6978556,-62.1057972,"-32.6978556,-62.1057972","https://www.google.com/maps/search/?api=1&query=-32.6978556,-62.1057972","https://www.google.com/maps/dir/?api=1&destination=-32.6978556,-62.1057972",RED_AFA_coordenadas_maps.xlsx
AFA,www.afascl.coop,2445,Maria Juana,Santa Fe,Castellanos,NUCLEO,Laprida y Chacabuco,03406-471207/497/472060/280,afamjuana@afascl.coop; glien_mrj@afascl.coop; ingalbrecht_mrj@afascl.coop; ingruffino_mrj@afascl.coop; ingmeroi_mrj@afascl.coop,"31°40'35,04""S","61°45'01,66""O",-31.6764,-61.7504611,"-31.6764,-61.7504611","https://www.google.com/maps/search/?api=1&query=-31.6764,-61.7504611","https://www.google.com/maps/dir/?api=1&destination=-31.6764,-61.7504611",RED_AFA_coordenadas_maps.xlsx
AFA,www.afascl.coop,4440,Metan,Salta,Metan,NOA,,,,"25°29'39,22""S","64°58'19,67""O",-25.4942278,-64.9721306,"-25.4942278,-64.9721306","https://www.google.com/maps/search/?api=1&query=-25.4942278,-64.9721306","https://www.google.com/maps/dir/?api=1&destination=-25.4942278,-64.9721306",RED_AFA_coordenadas_maps.xlsx
AFA,www.afascl.coop,2521,Montes De Oca,Santa Fe,Belgrano,NUCLEO,Sarmiento 138,Oficina 03471-495096/170/464 | Planta 03471- 15676700,afamontesdeoca@afascl.coop; diegodruetta_mca@afascl.coop; alejandroramello_mca@afascl.coop,"32°33'58,05""S","61°46'11,75""O",-32.566125,-61.7699306,"-32.566125,-61.7699306","https://www.google.com/maps/search/?api=1&query=-32.566125,-61.7699306","https://www.google.com/maps/dir/?api=1&destination=-32.566125,-61.7699306",RED_AFA_coordenadas_maps.xlsx
AFA,www.afascl.coop,7630,Necochea,Buenos Aires,Necochea,SUDESTE,,,,"38°33'16,19''S","58°44'22,59''O",-38.5544972,-58.7396083,"-38.5544972,-58.7396083","https://www.google.com/maps/search/?api=1&query=-38.5544972,-58.7396083","https://www.google.com/maps/dir/?api=1&destination=-38.5544972,-58.7396083",RED_AFA_coordenadas_maps.xlsx
AFA,www.afascl.coop,3150,Nogoya,Entre Rios,Nogoya,NUCLEO,,,solange_srd@afascl.coop,"32°23'24,69""S","59°47'35,21""O",-32.3901917,-59.7931139,"-32.3901917,-59.7931139","https://www.google.com/maps/search/?api=1&query=-32.3901917,-59.7931139","https://www.google.com/maps/dir/?api=1&destination=-32.3901917,-59.7931139",RED_AFA_coordenadas_maps.xlsx
AFA,www.afascl.coop,6646,O´Brien,Buenos Aires,Bragado,NUCLEO,,,,"34°54'21,03""S","60°45'38,28""O",-34.9058417,-60.7606333,"-34.9058417,-60.7606333","https://www.google.com/maps/search/?api=1&query=-34.9058417,-60.7606333","https://www.google.com/maps/dir/?api=1&destination=-34.9058417,-60.7606333",RED_AFA_coordenadas_maps.xlsx
AFA,www.afascl.coop,5807,Olaeta,Cordoba,Juarez Celman,OESTE,Av Bs Aires 317,(0358) 491 - 5250,,"33°02'42,03''S","63°54'22,20''O",-33.0450083,-63.9061667,"-33.0450083,-63.9061667","https://www.google.com/maps/search/?api=1&query=-33.0450083,-63.9061667","https://www.google.com/maps/dir/?api=1&destination=-33.0450083,-63.9061667",RED_AFA_coordenadas_maps.xlsx
AFA,www.afascl.coop,5986,Oncativo,Cordoba,Rio Segundo,CENTRO,,,,"31°54'48,34''S","63°40'55,43''O",-31.9134278,-63.6820639,"-31.9134278,-63.6820639","https://www.google.com/maps/search/?api=1&query=-31.9134278,-63.6820639","https://www.google.com/maps/dir/?api=1&destination=-31.9134278,-63.6820639",RED_AFA_coordenadas_maps.xlsx
AFA,www.afascl.coop,2700,Pergamino,Buenos Aires,Pergamino,NUCLEO,Ruta 8 km 225.5,Oficina 02477-437501 Rot.| Planta 428299,afapergamino@afascl.coop; afa_ingenieros_pgm@afascl.coop,"33°53'26,62''S","60°34'28,56''O",-33.8907278,-60.5746,"-33.8907278,-60.5746","https://www.google.com/maps/search/?api=1&query=-33.8907278,-60.5746","https://www.google.com/maps/dir/?api=1&destination=-33.8907278,-60.5746",RED_AFA_coordenadas_maps.xlsx
AFA,www.afascl.coop,2529,Piamonte,Santa Fe,San Martin,NUCLEO,Ruta 40 Sur S/N,03401-455529,mariano_gazzera_lcd@afascl.coop,"32°08'35,92""S","61°58'51,58""O",-32.1433111,-61.9809944,"-32.1433111,-61.9809944","https://www.google.com/maps/search/?api=1&query=-32.1433111,-61.9809944","https://www.google.com/maps/dir/?api=1&destination=-32.1433111,-61.9809944",RED_AFA_coordenadas_maps.xlsx
AFA,www.afascl.coop,5972,Pilar,Cordoba,Rio Segundo,CENTRO,,03572-479608,gbussano_mcz@afascl.coop,"31°40'41,38''S","63°52'43,12''O",-31.6781611,-63.8786444,"-31.6781611,-63.8786444","https://www.google.com/maps/search/?api=1&query=-31.6781611,-63.8786444","https://www.google.com/maps/dir/?api=1&destination=-31.6781611,-63.8786444",RED_AFA_coordenadas_maps.xlsx
AFA,www.afascl.coop,2703,Pinzon,Buenos Aires,Pergamino,NUCLEO,,,,"33°59'40,09''S","60°43'45,29''O",-33.9944694,-60.7292472,"-33.9944694,-60.7292472","https://www.google.com/maps/search/?api=1&query=-33.9944694,-60.7292472","https://www.google.com/maps/dir/?api=1&destination=-33.9944694,-60.7292472",RED_AFA_coordenadas_maps.xlsx
AFA,www.afascl.coop,5125,Piquillin,Cordoba,Rio Primero,CENTRO,Ruta 19 s/n,03574-494310,cmaccio_lcd@afascl.coop,"31°17'57,32''S","63°45'34,97''O",-31.2992556,-63.7597139,"-31.2992556,-63.7597139","https://www.google.com/maps/search/?api=1&query=-31.2992556,-63.7597139","https://www.google.com/maps/dir/?api=1&destination=-31.2992556,-63.7597139",RED_AFA_coordenadas_maps.xlsx
AFA,www.afascl.coop,2415,Porteña,Cordoba,San Justo,CENTRO,,,,"31°00'50,11''S","62°03'43,19''O",-31.0139194,-62.0619972,"-31.0139194,-62.0619972","https://www.google.com/maps/search/?api=1&query=-31.0139194,-62.0619972","https://www.google.com/maps/dir/?api=1&destination=-31.0139194,-62.0619972",RED_AFA_coordenadas_maps.xlsx
AFA,www.afascl.coop,2148,Pueblo Casas,Santa Fe,San Martin,NUCLEO,,,,"32°07'37,24""S","61°32'27,98""O",-32.1270111,-61.5411056,"-32.1270111,-61.5411056","https://www.google.com/maps/search/?api=1&query=-32.1270111,-61.5411056","https://www.google.com/maps/dir/?api=1&destination=-32.1270111,-61.5411056",RED_AFA_coordenadas_maps.xlsx
AFA,www.afascl.coop,3080,Pujato,Santa Fe,San Lorenzo,NUCLEO,,03464-494095,m_giacomini_csd@afascl.coop,"33°01'05,49""S","61°02'37,48""O",-33.0181917,-61.0437444,"-33.0181917,-61.0437444","https://www.google.com/maps/search/?api=1&query=-33.0181917,-61.0437444","https://www.google.com/maps/dir/?api=1&destination=-33.0181917,-61.0437444",RED_AFA_coordenadas_maps.xlsx
AFA,www.afascl.coop,6001,Rafael Obligado,Buenos Aires,Rojas,NUCLEO,,,,"34°21'34,43''S","60°47'02,08''O",-34.3595639,-60.7839111,"-34.3595639,-60.7839111","https://www.google.com/maps/search/?api=1&query=-34.3595639,-60.7839111","https://www.google.com/maps/dir/?api=1&destination=-34.3595639,-60.7839111",RED_AFA_coordenadas_maps.xlsx
AFA,www.afascl.coop,2701,Rancagua,Buenos Aires,Pergamino,NUCLEO,Grigera S/N,(2477) 49 - 3012,,"34°01'47,66''S","60°30'10,52''O",-34.0299056,-60.5029222,"-34.0299056,-60.5029222","https://www.google.com/maps/search/?api=1&query=-34.0299056,-60.5029222","https://www.google.com/maps/dir/?api=1&destination=-34.0299056,-60.5029222",RED_AFA_coordenadas_maps.xlsx
AFA,www.afascl.coop,5850,Rio Tercero,Cordoba,Tercero Arriba,CENTRO,,,,"32°10'35,95''S","64°06'47,16''O",-32.1766528,-64.1131,"-32.1766528,-64.1131","https://www.google.com/maps/search/?api=1&query=-32.1766528,-64.1131","https://www.google.com/maps/dir/?api=1&destination=-32.1766528,-64.1131",RED_AFA_coordenadas_maps.xlsx
AFA,www.afascl.coop,2705,Rojas,Buenos Aires,Rojas,NUCLEO,Las Heras 560,Oficina 02475-466003 Lin.Rot | Planta 02475-466101,afarojas@afascl.coop; martin_passalacqua_rjs@afascl.coop; gaston_rustici_rjs@afascl.coop,"34°11'35,88''S","60°46'39,96''O",-34.1933,-60.7777667,"-34.1933,-60.7777667","https://www.google.com/maps/search/?api=1&query=-34.1933,-60.7777667","https://www.google.com/maps/dir/?api=1&destination=-34.1933,-60.7777667",RED_AFA_coordenadas_maps.xlsx
AFA,www.afascl.coop,2921,Rueda,Santa Fe,Constitucion,NUCLEO,,,,"33°20'05,60""S","60°27'33,05""O",-33.3348889,-60.4591806,"-33.3348889,-60.4591806","https://www.google.com/maps/search/?api=1&query=-33.3348889,-60.4591806","https://www.google.com/maps/dir/?api=1&destination=-33.3348889,-60.4591806",RED_AFA_coordenadas_maps.xlsx
AFA,www.afascl.coop,6100,Rufino,Santa Fe,General Lopez,NUCLEO,,,,"34°15'47,64""S","62°42'46,16""O",-34.2632333,-62.7128222,"-34.2632333,-62.7128222","https://www.google.com/maps/search/?api=1&query=-34.2632333,-62.7128222","https://www.google.com/maps/dir/?api=1&destination=-34.2632333,-62.7128222",RED_AFA_coordenadas_maps.xlsx
AFA,www.afascl.coop,2741,Salto,Buenos Aires,Salto,NUCLEO,,,,"34°17'42,17''S","60°14'50,56''O",-34.2950472,-60.2473778,"-34.2950472,-60.2473778","https://www.google.com/maps/search/?api=1&query=-34.2950472,-60.2473778","https://www.google.com/maps/dir/?api=1&destination=-34.2950472,-60.2473778",RED_AFA_coordenadas_maps.xlsx
AFA,www.afascl.coop,2741,Salto Grande,Santa Fe,Iriondo,NUCLEO,Gral. Campos 435,Oficina 03476-494250/323/501 | Planta 03476-494352/1037,afasaltogrande@afascl.coop; augustopierucci_stg@afascl.coop,"32°40'00,83""S","61°05'17,87""O",-32.6668972,-61.0882972,"-32.6668972,-61.0882972","https://www.google.com/maps/search/?api=1&query=-32.6668972,-61.0882972","https://www.google.com/maps/dir/?api=1&destination=-32.6668972,-61.0882972",RED_AFA_coordenadas_maps.xlsx
AFA,www.afascl.coop,3013,San Carlos Centro,Santa Fe,Las Colonias,NUCLEO,,,,"31°43'33,61""S","61°05'29,00""O",-31.7260028,-61.0913889,"-31.7260028,-61.0913889","https://www.google.com/maps/search/?api=1&query=-31.7260028,-61.0913889","https://www.google.com/maps/dir/?api=1&destination=-31.7260028,-61.0913889",RED_AFA_coordenadas_maps.xlsx
AFA,www.afascl.coop,2400,San Francisco,Cordoba,San Justo,CENTRO,,,,"31°25'30,00''S","62°05'02,98''O",-31.425,-62.0841611,"-31.425,-62.0841611","https://www.google.com/maps/search/?api=1&query=-31.425,-62.0841611","https://www.google.com/maps/dir/?api=1&destination=-31.425,-62.0841611",RED_AFA_coordenadas_maps.xlsx
AFA,www.afascl.coop,2146,San Genaro,Santa Fe,San Jeronimo,NUCLEO,,(3401) 44 - 9170,dclaverol_ttr@afascl.coop; jipettinari_ttr@afascl.coop,"32°22'15,94""S","61°21'33,62""O",-32.3710944,-61.3593389,"-32.3710944,-61.3593389","https://www.google.com/maps/search/?api=1&query=-32.3710944,-61.3593389","https://www.google.com/maps/dir/?api=1&destination=-32.3710944,-61.3593389",RED_AFA_coordenadas_maps.xlsx
AFA,www.afascl.coop,2452,San Jorge,Santa Fe,San Martin,NUCLEO,,,gfernandez_lcd@afascl.coop,"31°53'49,50""S","61°51'35,57""O",-31.8970833,-61.8598806,"-31.8970833,-61.8598806","https://www.google.com/maps/search/?api=1&query=-31.8970833,-61.8598806","https://www.google.com/maps/dir/?api=1&destination=-31.8970833,-61.8598806",RED_AFA_coordenadas_maps.xlsx
AFA,www.afascl.coop,2449,San Martin De Las Escobas,Santa Fe,San Martin,NUCLEO,Independencia 908,Oficina 03406-498243/526 | Planta 03406-498343/626,afasanmartin@afascl.coop; jborsarelli_sme@afascl.coop; lpicco_sme@afascl.coop,"31°51'26,69""S","61°34'19,26""O",-31.8574139,-61.5720167,"-31.8574139,-61.5720167","https://www.google.com/maps/search/?api=1&query=-31.8574139,-61.5720167","https://www.google.com/maps/dir/?api=1&destination=-31.8574139,-61.5720167",RED_AFA_coordenadas_maps.xlsx
AFA,www.afascl.coop,2930,San Pedro,Buenos Aires,San Pedro,NUCLEO,,,,"33°40'32,82''S","59°39'46,32''O",-33.6757833,-59.6628667,"-33.6757833,-59.6628667","https://www.google.com/maps/search/?api=1&query=-33.6757833,-59.6628667","https://www.google.com/maps/dir/?api=1&destination=-33.6757833,-59.6628667",RED_AFA_coordenadas_maps.xlsx
AFA,www.afascl.coop,2447,San Vicente,Santa Fe,Castellanos,NUCLEO,,,,"31°41'53,36""S","61°34'01,99""O",-31.6981556,-61.5672194,"-31.6981556,-61.5672194","https://www.google.com/maps/search/?api=1&query=-31.6981556,-61.5672194","https://www.google.com/maps/dir/?api=1&destination=-31.6981556,-61.5672194",RED_AFA_coordenadas_maps.xlsx
AFA,www.afascl.coop,2173,Sanford,Santa Fe,Caseros,NUCLEO,,03464-496283,jfornes_bgn@afascl.coop,"33° 8'44.48""S","61°16'40.00""O",-33.1456889,-61.2777778,"-33.1456889,-61.2777778","https://www.google.com/maps/search/?api=1&query=-33.1456889,-61.2777778","https://www.google.com/maps/dir/?api=1&destination=-33.1456889,-61.2777778",RED_AFA_coordenadas_maps.xlsx
AFA,www.afascl.coop,2405,Santa Clara De Saguer,Santa Fe,Castellanos,NUCLEO,,,,"31°20'18.63""S","61°49'07.18""O",-31.3385083,-61.8186611,"-31.3385083,-61.8186611","https://www.google.com/maps/search/?api=1&query=-31.3385083,-61.8186611","https://www.google.com/maps/dir/?api=1&destination=-31.3385083,-61.8186611",RED_AFA_coordenadas_maps.xlsx
AFA,www.afascl.coop,2111,Santa Teresa,Santa Fe,Constitucion,NUCLEO,,03460-420591,afasteresa@afascl.coop,"33°26'14,86""S","60°47'27,80""O",-33.4374611,-60.7910556,"-33.4374611,-60.7910556","https://www.google.com/maps/search/?api=1&query=-33.4374611,-60.7910556","https://www.google.com/maps/dir/?api=1&destination=-33.4374611,-60.7910556",RED_AFA_coordenadas_maps.xlsx
AFA,www.afascl.coop,5125,Santiago Temple,Cordoba,Rio Segundo,CENTRO,,,,"31°23'15,94''S","63°25'05,92''O",-31.3877611,-63.4183111,"-31.3877611,-63.4183111","https://www.google.com/maps/search/?api=1&query=-31.3877611,-63.4183111","https://www.google.com/maps/dir/?api=1&destination=-31.3877611,-63.4183111",RED_AFA_coordenadas_maps.xlsx
AFA,www.afascl.coop,2440,Sastre,Santa Fe,San Martin,NUCLEO,,03406-480153,hernan_sme@afascl.coop,"31°46'07,06""S","61°49'44,71""O",-31.7686278,-61.8290861,"-31.7686278,-61.8290861","https://www.google.com/maps/search/?api=1&query=-31.7686278,-61.8290861","https://www.google.com/maps/dir/?api=1&destination=-31.7686278,-61.8290861",RED_AFA_coordenadas_maps.xlsx
AFA,www.afascl.coop,2216,Serodino,Santa Fe,Iriondo,NUCLEO,Corrientes y Libertad,Oficina 03476-490034/184/816 | Planta 03476-490306,afaserodino@afascl.coop; plipori_srd@afascl.coop,"32°36'19,92""S","60°56'54,16""O",-32.6055333,-60.9483778,"-32.6055333,-60.9483778","https://www.google.com/maps/search/?api=1&query=-32.6055333,-60.9483778","https://www.google.com/maps/dir/?api=1&destination=-32.6055333,-60.9483778",RED_AFA_coordenadas_maps.xlsx
AFA,www.afascl.coop,2754,Todd,Buenos Aires,Arrecifes,NUCLEO,,,,"34°02'00,83''S","60°09'19,00''O",-34.0335639,-60.1552778,"-34.0335639,-60.1552778","https://www.google.com/maps/search/?api=1&query=-34.0335639,-60.1552778","https://www.google.com/maps/dir/?api=1&destination=-34.0335639,-60.1552778",RED_AFA_coordenadas_maps.xlsx
AFA,www.afascl.coop,2512,Tortugas,Santa Fe,Belgrano,NUCLEO,Uruguay 90,03471-494103/299/467,afatortugas@afascl.coop; salvador_lodato_ttg@afascl.coop,"32°44'43,38""S","61°49'13,90""O",-32.7453833,-61.8205278,"-32.7453833,-61.8205278","https://www.google.com/maps/search/?api=1&query=-32.7453833,-61.8205278","https://www.google.com/maps/dir/?api=1&destination=-32.7453833,-61.8205278",RED_AFA_coordenadas_maps.xlsx
AFA,www.afascl.coop,2144,Totoras,Santa Fe,Iriondo,NUCLEO,Ruta 34 S/N,(3476) 46 - 1397,gadorante_ttr@afascl.coop; agentiletti_ttr@afascl.coop; dperazzo_ttr@afascl.coop,"32°35'00,22""S","61°10'02,59""O",-32.5833944,-61.1673861,"-32.5833944,-61.1673861","https://www.google.com/maps/search/?api=1&query=-32.5833944,-61.1673861","https://www.google.com/maps/dir/?api=1&destination=-32.5833944,-61.1673861",RED_AFA_coordenadas_maps.xlsx
AFA,www.afascl.coop,2600,Venado Tuerto,Santa Fe,General Lopez,NUCLEO,,,,"33°44'43,22""S","61°58'08,40""O",-33.7453389,-61.969,"-33.7453389,-61.969","https://www.google.com/maps/search/?api=1&query=-33.7453389,-61.969","https://www.google.com/maps/dir/?api=1&destination=-33.7453389,-61.969",RED_AFA_coordenadas_maps.xlsx
AFA,www.afascl.coop,2101,Villa Amelia,Santa Fe,Rosario,NUCLEO,San Martin S/N,03460-499031,mlcortina_jbm@afascl.coop,"33°10'34,23""S","60°39'57,39""O",-33.176175,-60.6659417,"-33.176175,-60.6659417","https://www.google.com/maps/search/?api=1&query=-33.176175,-60.6659417","https://www.google.com/maps/dir/?api=1&destination=-33.176175,-60.6659417",RED_AFA_coordenadas_maps.xlsx
AFA,www.afascl.coop,5963,Villa Del Rosario,Cordoba,Rio Segundo,CENTRO,,,,"31°33'22,53''S","63°32'08,18''O",-31.5562583,-63.5356056,"-31.5562583,-63.5356056","https://www.google.com/maps/search/?api=1&query=-31.5562583,-63.5356056","https://www.google.com/maps/dir/?api=1&destination=-31.5562583,-63.5356056",RED_AFA_coordenadas_maps.xlsx
AFA,www.afascl.coop,2503,Villa Eloisa,Santa Fe,Iriondo,NUCLEO,Libertad 499,Oficina 03471-491053/483 | Planta 03471-491201/121,afavillaeloisa@afascl.coop; carlos_mendez_vea@afascl.coop; marcelo_cipollone_vea@afascl.coop,"32°57'42,17""S","61°32'50,90""O",-32.9617139,-61.5474722,"-32.9617139,-61.5474722","https://www.google.com/maps/search/?api=1&query=-32.9617139,-61.5474722","https://www.google.com/maps/dir/?api=1&destination=-32.9617139,-61.5474722",RED_AFA_coordenadas_maps.xlsx
AFA,www.afascl.coop,5900,Villa Maria,Cordoba,General San Martin,CENTRO,Ruta 9 km 545,(353) 450 - 7007,,"32°24'37,37''S","63°14'38,49''O",-32.4103806,-63.244025,"-32.4103806,-63.244025","https://www.google.com/maps/search/?api=1&query=-32.4103806,-63.244025","https://www.google.com/maps/dir/?api=1&destination=-32.4103806,-63.244025",RED_AFA_coordenadas_maps.xlsx
AFA,www.afascl.coop,2175,Villa Mugueta,Santa Fe,San Lorenzo,NUCLEO,,,,"33°18'42,45""S","61° 3'17,82""O",-33.3117917,-61.05495,"-33.3117917,-61.05495","https://www.google.com/maps/search/?api=1&query=-33.3117917,-61.05495","https://www.google.com/maps/dir/?api=1&destination=-33.3117917,-61.05495",RED_AFA_coordenadas_maps.xlsx
AFA,www.afascl.coop,2754,Viña,Buenos Aires,Arrecifes,NUCLEO,,,,"33°59'32,78''S","60°13'36,14''O",-33.9924389,-60.2267056,"-33.9924389,-60.2267056","https://www.google.com/maps/search/?api=1&query=-33.9924389,-60.2267056","https://www.google.com/maps/dir/?api=1&destination=-33.9924389,-60.2267056",RED_AFA_coordenadas_maps.xlsx
AFA,www.afascl.coop,2123,Zavalla,Santa Fe,Rosario,NUCLEO,,,,"33°01'08,24""S","60°52'58,87""O",-33.0189556,-60.8830194,"-33.0189556,-60.8830194","https://www.google.com/maps/search/?api=1&query=-33.0189556,-60.8830194","https://www.google.com/maps/dir/?api=1&destination=-33.0189556,-60.8830194",RED_AFA_coordenadas_maps.xlsx
AFA,www.afascl.coop,2000,Rosario,Santa Fe,Rosario,NUCLEO,MITRE 1132,,jlnardi@afascl.coop; gcalleri@afascl.coop,"32°56'48,15""S","60°38'02,07""O",-32.9467083,-60.6339083,"-32.9467083,-60.6339083","https://www.google.com/maps/search/?api=1&query=-32.9467083,-60.6339083","https://www.google.com/maps/dir/?api=1&destination=-32.9467083,-60.6339083",RED_AFA_coordenadas_maps.xlsx
